year,month,country,product,store,num_sold
2015,1,Finland,Kaggle Hat,KaggleMart,11396
2015,1,Finland,Kaggle Hat,KaggleRama,19343
2015,1,Finland,Kaggle Mug,KaggleMart,6857
2015,1,Finland,Kaggle Mug,KaggleRama,12056
2015,1,Finland,Kaggle Sticker,KaggleMart,3010
2015,1,Finland,Kaggle Sticker,KaggleRama,5336
2015,1,Norway,Kaggle Hat,KaggleMart,19017
2015,1,Norway,Kaggle Hat,KaggleRama,33301
2015,1,Norway,Kaggle Mug,KaggleMart,11862
2015,1,Norway,Kaggle Mug,KaggleRama,20163
2015,1,Norway,Kaggle Sticker,KaggleMart,5193
2015,1,Norway,Kaggle Sticker,KaggleRama,9003
2015,1,Sweden,Kaggle Hat,KaggleMart,13525
2015,1,Sweden,Kaggle Hat,KaggleRama,23851
2015,1,Sweden,Kaggle Mug,KaggleMart,8355
2015,1,Sweden,Kaggle Mug,KaggleRama,14573
2015,1,Sweden,Kaggle Sticker,KaggleMart,3690
2015,1,Sweden,Kaggle Sticker,KaggleRama,6326
2015,2,Finland,Kaggle Hat,KaggleMart,10162
2015,2,Finland,Kaggle Hat,KaggleRama,17720
2015,2,Finland,Kaggle Mug,KaggleMart,5419
2015,2,Finland,Kaggle Mug,KaggleRama,9570
2015,2,Finland,Kaggle Sticker,KaggleMart,2490
2015,2,Finland,Kaggle Sticker,KaggleRama,4317
2015,2,Norway,Kaggle Hat,KaggleMart,17453
2015,2,Norway,Kaggle Hat,KaggleRama,30715
2015,2,Norway,Kaggle Mug,KaggleMart,9488
2015,2,Norway,Kaggle Mug,KaggleRama,16451
2015,2,Norway,Kaggle Sticker,KaggleMart,4338
2015,2,Norway,Kaggle Sticker,KaggleRama,7553
2015,2,Sweden,Kaggle Hat,KaggleMart,12351
2015,2,Sweden,Kaggle Hat,KaggleRama,20992
2015,2,Sweden,Kaggle Mug,KaggleMart,6696
2015,2,Sweden,Kaggle Mug,KaggleRama,11442
2015,2,Sweden,Kaggle Sticker,KaggleMart,3047
2015,2,Sweden,Kaggle Sticker,KaggleRama,5365
2015,3,Finland,Kaggle Hat,KaggleMart,11897
2015,3,Finland,Kaggle Hat,KaggleRama,20569
2015,3,Finland,Kaggle Mug,KaggleMart,5765
2015,3,Finland,Kaggle Mug,KaggleRama,10056
2015,3,Finland,Kaggle Sticker,KaggleMart,2799
2015,3,Finland,Kaggle Sticker,KaggleRama,4849
2015,3,Norway,Kaggle Hat,KaggleMart,20339
2015,3,Norway,Kaggle Hat,KaggleRama,36124
2015,3,Norway,Kaggle Mug,KaggleMart,9999
2015,3,Norway,Kaggle Mug,KaggleRama,17218
2015,3,Norway,Kaggle Sticker,KaggleMart,4870
2015,3,Norway,Kaggle Sticker,KaggleRama,8438
2015,3,Sweden,Kaggle Hat,KaggleMart,14123
2015,3,Sweden,Kaggle Hat,KaggleRama,24819
2015,3,Sweden,Kaggle Mug,KaggleMart,6947
2015,3,Sweden,Kaggle Mug,KaggleRama,12311
2015,3,Sweden,Kaggle Sticker,KaggleMart,3324
2015,3,Sweden,Kaggle Sticker,KaggleRama,5869
2015,4,Finland,Kaggle Hat,KaggleMart,12234
2015,4,Finland,Kaggle Hat,KaggleRama,21142
2015,4,Finland,Kaggle Mug,KaggleMart,5539
2015,4,Finland,Kaggle Mug,KaggleRama,9534
2015,4,Finland,Kaggle Sticker,KaggleMart,2870
2015,4,Finland,Kaggle Sticker,KaggleRama,5024
2015,4,Norway,Kaggle Hat,KaggleMart,22088
2015,4,Norway,Kaggle Hat,KaggleRama,37640
2015,4,Norway,Kaggle Mug,KaggleMart,9870
2015,4,Norway,Kaggle Mug,KaggleRama,17079
2015,4,Norway,Kaggle Sticker,KaggleMart,5050
2015,4,Norway,Kaggle Sticker,KaggleRama,8878
2015,4,Sweden,Kaggle Hat,KaggleMart,14745
2015,4,Sweden,Kaggle Hat,KaggleRama,25619
2015,4,Sweden,Kaggle Mug,KaggleMart,6499
2015,4,Sweden,Kaggle Mug,KaggleRama,11376
2015,4,Sweden,Kaggle Sticker,KaggleMart,3432
2015,4,Sweden,Kaggle Sticker,KaggleRama,5959
2015,5,Finland,Kaggle Hat,KaggleMart,12164
2015,5,Finland,Kaggle Hat,KaggleRama,21430
2015,5,Finland,Kaggle Mug,KaggleMart,5323
2015,5,Finland,Kaggle Mug,KaggleRama,9269
2015,5,Finland,Kaggle Sticker,KaggleMart,2998
2015,5,Finland,Kaggle Sticker,KaggleRama,5264
2015,5,Norway,Kaggle Hat,KaggleMart,22265
2015,5,Norway,Kaggle Hat,KaggleRama,38719
2015,5,Norway,Kaggle Mug,KaggleMart,9675
2015,5,Norway,Kaggle Mug,KaggleRama,16985
2015,5,Norway,Kaggle Sticker,KaggleMart,5546
2015,5,Norway,Kaggle Sticker,KaggleRama,9410
2015,5,Sweden,Kaggle Hat,KaggleMart,14689
2015,5,Sweden,Kaggle Hat,KaggleRama,25659
2015,5,Sweden,Kaggle Mug,KaggleMart,6400
2015,5,Sweden,Kaggle Mug,KaggleRama,11140
2015,5,Sweden,Kaggle Sticker,KaggleMart,3653
2015,5,Sweden,Kaggle Sticker,KaggleRama,6367
2015,6,Finland,Kaggle Hat,KaggleMart,10427
2015,6,Finland,Kaggle Hat,KaggleRama,18542
2015,6,Finland,Kaggle Mug,KaggleMart,4807
2015,6,Finland,Kaggle Mug,KaggleRama,8273
2015,6,Finland,Kaggle Sticker,KaggleMart,2828
2015,6,Finland,Kaggle Sticker,KaggleRama,4992
2015,6,Norway,Kaggle Hat,KaggleMart,17462
2015,6,Norway,Kaggle Hat,KaggleRama,30028
2015,6,Norway,Kaggle Mug,KaggleMart,7861
2015,6,Norway,Kaggle Mug,KaggleRama,13762
2015,6,Norway,Kaggle Sticker,KaggleMart,4683
2015,6,Norway,Kaggle Sticker,KaggleRama,8024
2015,6,Sweden,Kaggle Hat,KaggleMart,12985
2015,6,Sweden,Kaggle Hat,KaggleRama,22552
2015,6,Sweden,Kaggle Mug,KaggleMart,5915
2015,6,Sweden,Kaggle Mug,KaggleRama,10160
2015,6,Sweden,Kaggle Sticker,KaggleMart,3536
2015,6,Sweden,Kaggle Sticker,KaggleRama,6081
2015,7,Finland,Kaggle Hat,KaggleMart,9182
2015,7,Finland,Kaggle Hat,KaggleRama,16140
2015,7,Finland,Kaggle Mug,KaggleMart,4731
2015,7,Finland,Kaggle Mug,KaggleRama,8157
2015,7,Finland,Kaggle Sticker,KaggleMart,2749
2015,7,Finland,Kaggle Sticker,KaggleRama,4849
2015,7,Norway,Kaggle Hat,KaggleMart,16045
2015,7,Norway,Kaggle Hat,KaggleRama,27984
2015,7,Norway,Kaggle Mug,KaggleMart,8038
2015,7,Norway,Kaggle Mug,KaggleRama,14230
2015,7,Norway,Kaggle Sticker,KaggleMart,4785
2015,7,Norway,Kaggle Sticker,KaggleRama,8575
2015,7,Sweden,Kaggle Hat,KaggleMart,11021
2015,7,Sweden,Kaggle Hat,KaggleRama,19613
2015,7,Sweden,Kaggle Mug,KaggleMart,5594
2015,7,Sweden,Kaggle Mug,KaggleRama,9734
2015,7,Sweden,Kaggle Sticker,KaggleMart,3282
2015,7,Sweden,Kaggle Sticker,KaggleRama,5918
2015,8,Finland,Kaggle Hat,KaggleMart,8369
2015,8,Finland,Kaggle Hat,KaggleRama,14339
2015,8,Finland,Kaggle Mug,KaggleMart,4887
2015,8,Finland,Kaggle Mug,KaggleRama,8561
2015,8,Finland,Kaggle Sticker,KaggleMart,2798
2015,8,Finland,Kaggle Sticker,KaggleRama,4820
2015,8,Norway,Kaggle Hat,KaggleMart,14474
2015,8,Norway,Kaggle Hat,KaggleRama,24644
2015,8,Norway,Kaggle Mug,KaggleMart,8596
2015,8,Norway,Kaggle Mug,KaggleRama,14801
2015,8,Norway,Kaggle Sticker,KaggleMart,4851
2015,8,Norway,Kaggle Sticker,KaggleRama,8520
2015,8,Sweden,Kaggle Hat,KaggleMart,9977
2015,8,Sweden,Kaggle Hat,KaggleRama,17698
2015,8,Sweden,Kaggle Mug,KaggleMart,5966
2015,8,Sweden,Kaggle Mug,KaggleRama,10320
2015,8,Sweden,Kaggle Sticker,KaggleMart,3353
2015,8,Sweden,Kaggle Sticker,KaggleRama,5766
2015,9,Finland,Kaggle Hat,KaggleMart,7340
2015,9,Finland,Kaggle Hat,KaggleRama,13002
2015,9,Finland,Kaggle Mug,KaggleMart,5067
2015,9,Finland,Kaggle Mug,KaggleRama,8887
2015,9,Finland,Kaggle Sticker,KaggleMart,2688
2015,9,Finland,Kaggle Sticker,KaggleRama,4669
2015,9,Norway,Kaggle Hat,KaggleMart,12994
2015,9,Norway,Kaggle Hat,KaggleRama,22263
2015,9,Norway,Kaggle Mug,KaggleMart,8846
2015,9,Norway,Kaggle Mug,KaggleRama,15314
2015,9,Norway,Kaggle Sticker,KaggleMart,4668
2015,9,Norway,Kaggle Sticker,KaggleRama,8203
2015,9,Sweden,Kaggle Hat,KaggleMart,8914
2015,9,Sweden,Kaggle Hat,KaggleRama,15577
2015,9,Sweden,Kaggle Mug,KaggleMart,6074
2015,9,Sweden,Kaggle Mug,KaggleRama,10677
2015,9,Sweden,Kaggle Sticker,KaggleMart,3221
2015,9,Sweden,Kaggle Sticker,KaggleRama,5578
2015,10,Finland,Kaggle Hat,KaggleMart,7530
2015,10,Finland,Kaggle Hat,KaggleRama,13394
2015,10,Finland,Kaggle Mug,KaggleMart,5740
2015,10,Finland,Kaggle Mug,KaggleRama,9837
2015,10,Finland,Kaggle Sticker,KaggleMart,2755
2015,10,Finland,Kaggle Sticker,KaggleRama,4948
2015,10,Norway,Kaggle Hat,KaggleMart,13251
2015,10,Norway,Kaggle Hat,KaggleRama,23266
2015,10,Norway,Kaggle Mug,KaggleMart,9817
2015,10,Norway,Kaggle Mug,KaggleRama,17184
2015,10,Norway,Kaggle Sticker,KaggleMart,4876
2015,10,Norway,Kaggle Sticker,KaggleRama,8300
2015,10,Sweden,Kaggle Hat,KaggleMart,9359
2015,10,Sweden,Kaggle Hat,KaggleRama,16173
2015,10,Sweden,Kaggle Mug,KaggleMart,6782
2015,10,Sweden,Kaggle Mug,KaggleRama,11959
2015,10,Sweden,Kaggle Sticker,KaggleMart,3356
2015,10,Sweden,Kaggle Sticker,KaggleRama,5815
2015,11,Finland,Kaggle Hat,KaggleMart,8186
2015,11,Finland,Kaggle Hat,KaggleRama,14339
2015,11,Finland,Kaggle Mug,KaggleMart,5942
2015,11,Finland,Kaggle Mug,KaggleRama,10396
2015,11,Finland,Kaggle Sticker,KaggleMart,2764
2015,11,Finland,Kaggle Sticker,KaggleRama,4756
2015,11,Norway,Kaggle Hat,KaggleMart,13899
2015,11,Norway,Kaggle Hat,KaggleRama,24230
2015,11,Norway,Kaggle Mug,KaggleMart,10143
2015,11,Norway,Kaggle Mug,KaggleRama,17818
2015,11,Norway,Kaggle Sticker,KaggleMart,4678
2015,11,Norway,Kaggle Sticker,KaggleRama,8074
2015,11,Sweden,Kaggle Hat,KaggleMart,9847
2015,11,Sweden,Kaggle Hat,KaggleRama,16942
2015,11,Sweden,Kaggle Mug,KaggleMart,7178
2015,11,Sweden,Kaggle Mug,KaggleRama,12564
2015,11,Sweden,Kaggle Sticker,KaggleMart,3318
2015,11,Sweden,Kaggle Sticker,KaggleRama,5864
2015,12,Finland,Kaggle Hat,KaggleMart,11179
2015,12,Finland,Kaggle Hat,KaggleRama,19280
2015,12,Finland,Kaggle Mug,KaggleMart,7688
2015,12,Finland,Kaggle Mug,KaggleRama,13251
2015,12,Finland,Kaggle Sticker,KaggleMart,3385
2015,12,Finland,Kaggle Sticker,KaggleRama,5968
2015,12,Norway,Kaggle Hat,KaggleMart,18791
2015,12,Norway,Kaggle Hat,KaggleRama,32971
2015,12,Norway,Kaggle Mug,KaggleMart,12621
2015,12,Norway,Kaggle Mug,KaggleRama,21992
2015,12,Norway,Kaggle Sticker,KaggleMart,5569
2015,12,Norway,Kaggle Sticker,KaggleRama,9819
2015,12,Sweden,Kaggle Hat,KaggleMart,13129
2015,12,Sweden,Kaggle Hat,KaggleRama,23063
2015,12,Sweden,Kaggle Mug,KaggleMart,8936
2015,12,Sweden,Kaggle Mug,KaggleRama,15611
2015,12,Sweden,Kaggle Sticker,KaggleMart,3983
2015,12,Sweden,Kaggle Sticker,KaggleRama,6932
2016,1,Finland,Kaggle Hat,KaggleMart,12063
2016,1,Finland,Kaggle Hat,KaggleRama,20807
2016,1,Finland,Kaggle Mug,KaggleMart,7266
2016,1,Finland,Kaggle Mug,KaggleRama,12657
2016,1,Finland,Kaggle Sticker,KaggleMart,3217
2016,1,Finland,Kaggle Sticker,KaggleRama,5597
2016,1,Norway,Kaggle Hat,KaggleMart,18700
2016,1,Norway,Kaggle Hat,KaggleRama,32809
2016,1,Norway,Kaggle Mug,KaggleMart,11373
2016,1,Norway,Kaggle Mug,KaggleRama,20124
2016,1,Norway,Kaggle Sticker,KaggleMart,5125
2016,1,Norway,Kaggle Sticker,KaggleRama,8743
2016,1,Sweden,Kaggle Hat,KaggleMart,14496
2016,1,Sweden,Kaggle Hat,KaggleRama,25136
2016,1,Sweden,Kaggle Mug,KaggleMart,8627
2016,1,Sweden,Kaggle Mug,KaggleRama,15494
2016,1,Sweden,Kaggle Sticker,KaggleMart,3933
2016,1,Sweden,Kaggle Sticker,KaggleRama,6897
2016,2,Finland,Kaggle Hat,KaggleMart,10696
2016,2,Finland,Kaggle Hat,KaggleRama,18501
2016,2,Finland,Kaggle Mug,KaggleMart,5770
2016,2,Finland,Kaggle Mug,KaggleRama,10246
2016,2,Finland,Kaggle Sticker,KaggleMart,2656
2016,2,Finland,Kaggle Sticker,KaggleRama,4617
2016,2,Norway,Kaggle Hat,KaggleMart,17538
2016,2,Norway,Kaggle Hat,KaggleRama,30225
2016,2,Norway,Kaggle Mug,KaggleMart,9533
2016,2,Norway,Kaggle Mug,KaggleRama,16478
2016,2,Norway,Kaggle Sticker,KaggleMart,4296
2016,2,Norway,Kaggle Sticker,KaggleRama,7471
2016,2,Sweden,Kaggle Hat,KaggleMart,12802
2016,2,Sweden,Kaggle Hat,KaggleRama,22412
2016,2,Sweden,Kaggle Mug,KaggleMart,6963
2016,2,Sweden,Kaggle Mug,KaggleRama,11975
2016,2,Sweden,Kaggle Sticker,KaggleMart,3122
2016,2,Sweden,Kaggle Sticker,KaggleRama,5587
2016,3,Finland,Kaggle Hat,KaggleMart,12526
2016,3,Finland,Kaggle Hat,KaggleRama,21637
2016,3,Finland,Kaggle Mug,KaggleMart,6000
2016,3,Finland,Kaggle Mug,KaggleRama,10465
2016,3,Finland,Kaggle Sticker,KaggleMart,2939
2016,3,Finland,Kaggle Sticker,KaggleRama,5163
2016,3,Norway,Kaggle Hat,KaggleMart,20413
2016,3,Norway,Kaggle Hat,KaggleRama,35940
2016,3,Norway,Kaggle Mug,KaggleMart,9991
2016,3,Norway,Kaggle Mug,KaggleRama,17548
2016,3,Norway,Kaggle Sticker,KaggleMart,4853
2016,3,Norway,Kaggle Sticker,KaggleRama,8491
2016,3,Sweden,Kaggle Hat,KaggleMart,14768
2016,3,Sweden,Kaggle Hat,KaggleRama,25777
2016,3,Sweden,Kaggle Mug,KaggleMart,7158
2016,3,Sweden,Kaggle Mug,KaggleRama,12449
2016,3,Sweden,Kaggle Sticker,KaggleMart,3452
2016,3,Sweden,Kaggle Sticker,KaggleRama,6079
2016,4,Finland,Kaggle Hat,KaggleMart,12447
2016,4,Finland,Kaggle Hat,KaggleRama,21760
2016,4,Finland,Kaggle Mug,KaggleMart,5517
2016,4,Finland,Kaggle Mug,KaggleRama,9665
2016,4,Finland,Kaggle Sticker,KaggleMart,2915
2016,4,Finland,Kaggle Sticker,KaggleRama,5063
2016,4,Norway,Kaggle Hat,KaggleMart,19795
2016,4,Norway,Kaggle Hat,KaggleRama,34740
2016,4,Norway,Kaggle Mug,KaggleMart,8738
2016,4,Norway,Kaggle Mug,KaggleRama,15753
2016,4,Norway,Kaggle Sticker,KaggleMart,4673
2016,4,Norway,Kaggle Sticker,KaggleRama,8257
2016,4,Sweden,Kaggle Hat,KaggleMart,14694
2016,4,Sweden,Kaggle Hat,KaggleRama,25696
2016,4,Sweden,Kaggle Mug,KaggleMart,6517
2016,4,Sweden,Kaggle Mug,KaggleRama,11265
2016,4,Sweden,Kaggle Sticker,KaggleMart,3471
2016,4,Sweden,Kaggle Sticker,KaggleRama,6033
2016,5,Finland,Kaggle Hat,KaggleMart,12492
2016,5,Finland,Kaggle Hat,KaggleRama,21796
2016,5,Finland,Kaggle Mug,KaggleMart,5420
2016,5,Finland,Kaggle Mug,KaggleRama,9430
2016,5,Finland,Kaggle Sticker,KaggleMart,3056
2016,5,Finland,Kaggle Sticker,KaggleRama,5342
2016,5,Norway,Kaggle Hat,KaggleMart,20973
2016,5,Norway,Kaggle Hat,KaggleRama,36495
2016,5,Norway,Kaggle Mug,KaggleMart,9082
2016,5,Norway,Kaggle Mug,KaggleRama,16227
2016,5,Norway,Kaggle Sticker,KaggleMart,5157
2016,5,Norway,Kaggle Sticker,KaggleRama,8999
2016,5,Sweden,Kaggle Hat,KaggleMart,14784
2016,5,Sweden,Kaggle Hat,KaggleRama,25603
2016,5,Sweden,Kaggle Mug,KaggleMart,6332
2016,5,Sweden,Kaggle Mug,KaggleRama,11305
2016,5,Sweden,Kaggle Sticker,KaggleMart,3547
2016,5,Sweden,Kaggle Sticker,KaggleRama,6253
2016,6,Finland,Kaggle Hat,KaggleMart,10639
2016,6,Finland,Kaggle Hat,KaggleRama,18603
2016,6,Finland,Kaggle Mug,KaggleMart,4813
2016,6,Finland,Kaggle Mug,KaggleRama,8453
2016,6,Finland,Kaggle Sticker,KaggleMart,2841
2016,6,Finland,Kaggle Sticker,KaggleRama,4974
2016,6,Norway,Kaggle Hat,KaggleMart,16645
2016,6,Norway,Kaggle Hat,KaggleRama,28615
2016,6,Norway,Kaggle Mug,KaggleMart,7462
2016,6,Norway,Kaggle Mug,KaggleRama,13056
2016,6,Norway,Kaggle Sticker,KaggleMart,4516
2016,6,Norway,Kaggle Sticker,KaggleRama,7803
2016,6,Sweden,Kaggle Hat,KaggleMart,13128
2016,6,Sweden,Kaggle Hat,KaggleRama,22575
2016,6,Sweden,Kaggle Mug,KaggleMart,5842
2016,6,Sweden,Kaggle Mug,KaggleRama,10327
2016,6,Sweden,Kaggle Sticker,KaggleMart,3511
2016,6,Sweden,Kaggle Sticker,KaggleRama,6076
2016,7,Finland,Kaggle Hat,KaggleMart,9714
2016,7,Finland,Kaggle Hat,KaggleRama,17158
2016,7,Finland,Kaggle Mug,KaggleMart,4893
2016,7,Finland,Kaggle Mug,KaggleRama,8696
2016,7,Finland,Kaggle Sticker,KaggleMart,2896
2016,7,Finland,Kaggle Sticker,KaggleRama,5138
2016,7,Norway,Kaggle Hat,KaggleMart,15212
2016,7,Norway,Kaggle Hat,KaggleRama,26545
2016,7,Norway,Kaggle Mug,KaggleMart,7827
2016,7,Norway,Kaggle Mug,KaggleRama,13644
2016,7,Norway,Kaggle Sticker,KaggleMart,4658
2016,7,Norway,Kaggle Sticker,KaggleRama,8186
2016,7,Sweden,Kaggle Hat,KaggleMart,11636
2016,7,Sweden,Kaggle Hat,KaggleRama,20429
2016,7,Sweden,Kaggle Mug,KaggleMart,5816
2016,7,Sweden,Kaggle Mug,KaggleRama,10177
2016,7,Sweden,Kaggle Sticker,KaggleMart,3455
2016,7,Sweden,Kaggle Sticker,KaggleRama,6022
2016,8,Finland,Kaggle Hat,KaggleMart,8546
2016,8,Finland,Kaggle Hat,KaggleRama,14859
2016,8,Finland,Kaggle Mug,KaggleMart,5077
2016,8,Finland,Kaggle Mug,KaggleRama,8752
2016,8,Finland,Kaggle Sticker,KaggleMart,2845
2016,8,Finland,Kaggle Sticker,KaggleRama,4931
2016,8,Norway,Kaggle Hat,KaggleMart,13514
2016,8,Norway,Kaggle Hat,KaggleRama,23848
2016,8,Norway,Kaggle Mug,KaggleMart,7989
2016,8,Norway,Kaggle Mug,KaggleRama,14031
2016,8,Norway,Kaggle Sticker,KaggleMart,4590
2016,8,Norway,Kaggle Sticker,KaggleRama,8036
2016,8,Sweden,Kaggle Hat,KaggleMart,10063
2016,8,Sweden,Kaggle Hat,KaggleRama,17735
2016,8,Sweden,Kaggle Mug,KaggleMart,5977
2016,8,Sweden,Kaggle Mug,KaggleRama,10479
2016,8,Sweden,Kaggle Sticker,KaggleMart,3416
2016,8,Sweden,Kaggle Sticker,KaggleRama,5938
2016,9,Finland,Kaggle Hat,KaggleMart,7645
2016,9,Finland,Kaggle Hat,KaggleRama,13437
2016,9,Finland,Kaggle Mug,KaggleMart,5264
2016,9,Finland,Kaggle Mug,KaggleRama,9142
2016,9,Finland,Kaggle Sticker,KaggleMart,2806
2016,9,Finland,Kaggle Sticker,KaggleRama,4791
2016,9,Norway,Kaggle Hat,KaggleMart,12184
2016,9,Norway,Kaggle Hat,KaggleRama,21568
2016,9,Norway,Kaggle Mug,KaggleMart,8420
2016,9,Norway,Kaggle Mug,KaggleRama,14707
2016,9,Norway,Kaggle Sticker,KaggleMart,4546
2016,9,Norway,Kaggle Sticker,KaggleRama,7855
2016,9,Sweden,Kaggle Hat,KaggleMart,8998
2016,9,Sweden,Kaggle Hat,KaggleRama,16042
2016,9,Sweden,Kaggle Mug,KaggleMart,6174
2016,9,Sweden,Kaggle Mug,KaggleRama,10770
2016,9,Sweden,Kaggle Sticker,KaggleMart,3349
2016,9,Sweden,Kaggle Sticker,KaggleRama,5762
2016,10,Finland,Kaggle Hat,KaggleMart,8083
2016,10,Finland,Kaggle Hat,KaggleRama,14209
2016,10,Finland,Kaggle Mug,KaggleMart,5975
2016,10,Finland,Kaggle Mug,KaggleRama,10290
2016,10,Finland,Kaggle Sticker,KaggleMart,2981
2016,10,Finland,Kaggle Sticker,KaggleRama,5103
2016,10,Norway,Kaggle Hat,KaggleMart,13016
2016,10,Norway,Kaggle Hat,KaggleRama,22885
2016,10,Norway,Kaggle Mug,KaggleMart,9525
2016,10,Norway,Kaggle Mug,KaggleRama,16865
2016,10,Norway,Kaggle Sticker,KaggleMart,4713
2016,10,Norway,Kaggle Sticker,KaggleRama,8270
2016,10,Sweden,Kaggle Hat,KaggleMart,9620
2016,10,Sweden,Kaggle Hat,KaggleRama,16742
2016,10,Sweden,Kaggle Mug,KaggleMart,7122
2016,10,Sweden,Kaggle Mug,KaggleRama,12337
2016,10,Sweden,Kaggle Sticker,KaggleMart,3468
2016,10,Sweden,Kaggle Sticker,KaggleRama,6070
2016,11,Finland,Kaggle Hat,KaggleMart,8622
2016,11,Finland,Kaggle Hat,KaggleRama,14655
2016,11,Finland,Kaggle Mug,KaggleMart,6251
2016,11,Finland,Kaggle Mug,KaggleRama,10912
2016,11,Finland,Kaggle Sticker,KaggleMart,2862
2016,11,Finland,Kaggle Sticker,KaggleRama,5034
2016,11,Norway,Kaggle Hat,KaggleMart,13395
2016,11,Norway,Kaggle Hat,KaggleRama,23115
2016,11,Norway,Kaggle Mug,KaggleMart,9842
2016,11,Norway,Kaggle Mug,KaggleRama,16971
2016,11,Norway,Kaggle Sticker,KaggleMart,4483
2016,11,Norway,Kaggle Sticker,KaggleRama,7893
2016,11,Sweden,Kaggle Hat,KaggleMart,10126
2016,11,Sweden,Kaggle Hat,KaggleRama,17610
2016,11,Sweden,Kaggle Mug,KaggleMart,7358
2016,11,Sweden,Kaggle Mug,KaggleRama,13168
2016,11,Sweden,Kaggle Sticker,KaggleMart,3429
2016,11,Sweden,Kaggle Sticker,KaggleRama,6054
2016,12,Finland,Kaggle Hat,KaggleMart,11982
2016,12,Finland,Kaggle Hat,KaggleRama,21055
2016,12,Finland,Kaggle Mug,KaggleMart,8083
2016,12,Finland,Kaggle Mug,KaggleRama,13960
2016,12,Finland,Kaggle Sticker,KaggleMart,3552
2016,12,Finland,Kaggle Sticker,KaggleRama,6420
2016,12,Norway,Kaggle Hat,KaggleMart,18264
2016,12,Norway,Kaggle Hat,KaggleRama,31928
2016,12,Norway,Kaggle Mug,KaggleMart,12525
2016,12,Norway,Kaggle Mug,KaggleRama,21602
2016,12,Norway,Kaggle Sticker,KaggleMart,5567
2016,12,Norway,Kaggle Sticker,KaggleRama,9653
2016,12,Sweden,Kaggle Hat,KaggleMart,13965
2016,12,Sweden,Kaggle Hat,KaggleRama,23776
2016,12,Sweden,Kaggle Mug,KaggleMart,9368
2016,12,Sweden,Kaggle Mug,KaggleRama,16323
2016,12,Sweden,Kaggle Sticker,KaggleMart,4160
2016,12,Sweden,Kaggle Sticker,KaggleRama,7155
2017,1,Finland,Kaggle Hat,KaggleMart,12412
2017,1,Finland,Kaggle Hat,KaggleRama,21480
2017,1,Finland,Kaggle Mug,KaggleMart,7508
2017,1,Finland,Kaggle Mug,KaggleRama,13362
2017,1,Finland,Kaggle Sticker,KaggleMart,3297
2017,1,Finland,Kaggle Sticker,KaggleRama,5895
2017,1,Norway,Kaggle Hat,KaggleMart,19637
2017,1,Norway,Kaggle Hat,KaggleRama,33890
2017,1,Norway,Kaggle Mug,KaggleMart,11759
2017,1,Norway,Kaggle Mug,KaggleRama,20531
2017,1,Norway,Kaggle Sticker,KaggleMart,5351
2017,1,Norway,Kaggle Sticker,KaggleRama,9317
2017,1,Sweden,Kaggle Hat,KaggleMart,14692
2017,1,Sweden,Kaggle Hat,KaggleRama,25702
2017,1,Sweden,Kaggle Mug,KaggleMart,9047
2017,1,Sweden,Kaggle Mug,KaggleRama,15576
2017,1,Sweden,Kaggle Sticker,KaggleMart,4024
2017,1,Sweden,Kaggle Sticker,KaggleRama,6971
2017,2,Finland,Kaggle Hat,KaggleMart,11180
2017,2,Finland,Kaggle Hat,KaggleRama,19559
2017,2,Finland,Kaggle Mug,KaggleMart,6142
2017,2,Finland,Kaggle Mug,KaggleRama,10606
2017,2,Finland,Kaggle Sticker,KaggleMart,2818
2017,2,Finland,Kaggle Sticker,KaggleRama,4987
2017,2,Norway,Kaggle Hat,KaggleMart,18265
2017,2,Norway,Kaggle Hat,KaggleRama,31995
2017,2,Norway,Kaggle Mug,KaggleMart,9973
2017,2,Norway,Kaggle Mug,KaggleRama,17464
2017,2,Norway,Kaggle Sticker,KaggleMart,4481
2017,2,Norway,Kaggle Sticker,KaggleRama,7813
2017,2,Sweden,Kaggle Hat,KaggleMart,13094
2017,2,Sweden,Kaggle Hat,KaggleRama,23079
2017,2,Sweden,Kaggle Mug,KaggleMart,7034
2017,2,Sweden,Kaggle Mug,KaggleRama,12208
2017,2,Sweden,Kaggle Sticker,KaggleMart,3168
2017,2,Sweden,Kaggle Sticker,KaggleRama,5576
2017,3,Finland,Kaggle Hat,KaggleMart,13111
2017,3,Finland,Kaggle Hat,KaggleRama,22534
2017,3,Finland,Kaggle Mug,KaggleMart,6306
2017,3,Finland,Kaggle Mug,KaggleRama,11093
2017,3,Finland,Kaggle Sticker,KaggleMart,3041
2017,3,Finland,Kaggle Sticker,KaggleRama,5379
2017,3,Norway,Kaggle Hat,KaggleMart,20967
2017,3,Norway,Kaggle Hat,KaggleRama,36912
2017,3,Norway,Kaggle Mug,KaggleMart,10108
2017,3,Norway,Kaggle Mug,KaggleRama,18004
2017,3,Norway,Kaggle Sticker,KaggleMart,4962
2017,3,Norway,Kaggle Sticker,KaggleRama,8722
2017,3,Sweden,Kaggle Hat,KaggleMart,15078
2017,3,Sweden,Kaggle Hat,KaggleRama,26213
2017,3,Sweden,Kaggle Mug,KaggleMart,7307
2017,3,Sweden,Kaggle Mug,KaggleRama,12669
2017,3,Sweden,Kaggle Sticker,KaggleMart,3526
2017,3,Sweden,Kaggle Sticker,KaggleRama,6227
2017,4,Finland,Kaggle Hat,KaggleMart,14007
2017,4,Finland,Kaggle Hat,KaggleRama,23986
2017,4,Finland,Kaggle Mug,KaggleMart,6194
2017,4,Finland,Kaggle Mug,KaggleRama,11016
2017,4,Finland,Kaggle Sticker,KaggleMart,3265
2017,4,Finland,Kaggle Sticker,KaggleRama,5719
2017,4,Norway,Kaggle Hat,KaggleMart,23403
2017,4,Norway,Kaggle Hat,KaggleRama,40496
2017,4,Norway,Kaggle Mug,KaggleMart,10467
2017,4,Norway,Kaggle Mug,KaggleRama,18163
2017,4,Norway,Kaggle Sticker,KaggleMart,5454
2017,4,Norway,Kaggle Sticker,KaggleRama,9482
2017,4,Sweden,Kaggle Hat,KaggleMart,16186
2017,4,Sweden,Kaggle Hat,KaggleRama,27928
2017,4,Sweden,Kaggle Mug,KaggleMart,7291
2017,4,Sweden,Kaggle Mug,KaggleRama,12464
2017,4,Sweden,Kaggle Sticker,KaggleMart,3764
2017,4,Sweden,Kaggle Sticker,KaggleRama,6705
2017,5,Finland,Kaggle Hat,KaggleMart,12821
2017,5,Finland,Kaggle Hat,KaggleRama,22708
2017,5,Finland,Kaggle Mug,KaggleMart,5797
2017,5,Finland,Kaggle Mug,KaggleRama,9910
2017,5,Finland,Kaggle Sticker,KaggleMart,3306
2017,5,Finland,Kaggle Sticker,KaggleRama,5641
2017,5,Norway,Kaggle Hat,KaggleMart,21982
2017,5,Norway,Kaggle Hat,KaggleRama,38048
2017,5,Norway,Kaggle Mug,KaggleMart,9551
2017,5,Norway,Kaggle Mug,KaggleRama,16654
2017,5,Norway,Kaggle Sticker,KaggleMart,5433
2017,5,Norway,Kaggle Sticker,KaggleRama,9590
2017,5,Sweden,Kaggle Hat,KaggleMart,15033
2017,5,Sweden,Kaggle Hat,KaggleRama,26652
2017,5,Sweden,Kaggle Mug,KaggleMart,6644
2017,5,Sweden,Kaggle Mug,KaggleRama,11641
2017,5,Sweden,Kaggle Sticker,KaggleMart,3733
2017,5,Sweden,Kaggle Sticker,KaggleRama,6416
2017,6,Finland,Kaggle Hat,KaggleMart,11846
2017,6,Finland,Kaggle Hat,KaggleRama,20679
2017,6,Finland,Kaggle Mug,KaggleMart,5577
2017,6,Finland,Kaggle Mug,KaggleRama,9340
2017,6,Finland,Kaggle Sticker,KaggleMart,3220
2017,6,Finland,Kaggle Sticker,KaggleRama,5669
2017,6,Norway,Kaggle Hat,KaggleMart,19107
2017,6,Norway,Kaggle Hat,KaggleRama,32824
2017,6,Norway,Kaggle Mug,KaggleMart,8553
2017,6,Norway,Kaggle Mug,KaggleRama,15238
2017,6,Norway,Kaggle Sticker,KaggleMart,5138
2017,6,Norway,Kaggle Sticker,KaggleRama,9046
2017,6,Sweden,Kaggle Hat,KaggleMart,14452
2017,6,Sweden,Kaggle Hat,KaggleRama,25023
2017,6,Sweden,Kaggle Mug,KaggleMart,6440
2017,6,Sweden,Kaggle Mug,KaggleRama,11397
2017,6,Sweden,Kaggle Sticker,KaggleMart,3824
2017,6,Sweden,Kaggle Sticker,KaggleRama,6626
2017,7,Finland,Kaggle Hat,KaggleMart,10732
2017,7,Finland,Kaggle Hat,KaggleRama,18293
2017,7,Finland,Kaggle Mug,KaggleMart,5448
2017,7,Finland,Kaggle Mug,KaggleRama,9412
2017,7,Finland,Kaggle Sticker,KaggleMart,3178
2017,7,Finland,Kaggle Sticker,KaggleRama,5587
2017,7,Norway,Kaggle Hat,KaggleMart,17128
2017,7,Norway,Kaggle Hat,KaggleRama,30162
2017,7,Norway,Kaggle Mug,KaggleMart,8859
2017,7,Norway,Kaggle Mug,KaggleRama,15216
2017,7,Norway,Kaggle Sticker,KaggleMart,5221
2017,7,Norway,Kaggle Sticker,KaggleRama,9038
2017,7,Sweden,Kaggle Hat,KaggleMart,12452
2017,7,Sweden,Kaggle Hat,KaggleRama,21579
2017,7,Sweden,Kaggle Mug,KaggleMart,6233
2017,7,Sweden,Kaggle Mug,KaggleRama,10713
2017,7,Sweden,Kaggle Sticker,KaggleMart,3738
2017,7,Sweden,Kaggle Sticker,KaggleRama,6520
2017,8,Finland,Kaggle Hat,KaggleMart,9479
2017,8,Finland,Kaggle Hat,KaggleRama,16212
2017,8,Finland,Kaggle Mug,KaggleMart,5574
2017,8,Finland,Kaggle Mug,KaggleRama,9727
2017,8,Finland,Kaggle Sticker,KaggleMart,3174
2017,8,Finland,Kaggle Sticker,KaggleRama,5478
2017,8,Norway,Kaggle Hat,KaggleMart,15304
2017,8,Norway,Kaggle Hat,KaggleRama,26424
2017,8,Norway,Kaggle Mug,KaggleMart,9019
2017,8,Norway,Kaggle Mug,KaggleRama,15845
2017,8,Norway,Kaggle Sticker,KaggleMart,5085
2017,8,Norway,Kaggle Sticker,KaggleRama,8875
2017,8,Sweden,Kaggle Hat,KaggleMart,10826
2017,8,Sweden,Kaggle Hat,KaggleRama,18876
2017,8,Sweden,Kaggle Mug,KaggleMart,6485
2017,8,Sweden,Kaggle Mug,KaggleRama,11177
2017,8,Sweden,Kaggle Sticker,KaggleMart,3678
2017,8,Sweden,Kaggle Sticker,KaggleRama,6329
2017,9,Finland,Kaggle Hat,KaggleMart,8538
2017,9,Finland,Kaggle Hat,KaggleRama,15000
2017,9,Finland,Kaggle Mug,KaggleMart,5774
2017,9,Finland,Kaggle Mug,KaggleRama,10014
2017,9,Finland,Kaggle Sticker,KaggleMart,3070
2017,9,Finland,Kaggle Sticker,KaggleRama,5371
2017,9,Norway,Kaggle Hat,KaggleMart,13927
2017,9,Norway,Kaggle Hat,KaggleRama,23969
2017,9,Norway,Kaggle Mug,KaggleMart,9580
2017,9,Norway,Kaggle Mug,KaggleRama,16721
2017,9,Norway,Kaggle Sticker,KaggleMart,4975
2017,9,Norway,Kaggle Sticker,KaggleRama,8753
2017,9,Sweden,Kaggle Hat,KaggleMart,9840
2017,9,Sweden,Kaggle Hat,KaggleRama,17024
2017,9,Sweden,Kaggle Mug,KaggleMart,6769
2017,9,Sweden,Kaggle Mug,KaggleRama,11768
2017,9,Sweden,Kaggle Sticker,KaggleMart,3557
2017,9,Sweden,Kaggle Sticker,KaggleRama,6175
2017,10,Finland,Kaggle Hat,KaggleMart,8706
2017,10,Finland,Kaggle Hat,KaggleRama,15153
2017,10,Finland,Kaggle Mug,KaggleMart,6436
2017,10,Finland,Kaggle Mug,KaggleRama,11242
2017,10,Finland,Kaggle Sticker,KaggleMart,3132
2017,10,Finland,Kaggle Sticker,KaggleRama,5460
2017,10,Norway,Kaggle Hat,KaggleMart,14175
2017,10,Norway,Kaggle Hat,KaggleRama,24361
2017,10,Norway,Kaggle Mug,KaggleMart,10336
2017,10,Norway,Kaggle Mug,KaggleRama,18649
2017,10,Norway,Kaggle Sticker,KaggleMart,5079
2017,10,Norway,Kaggle Sticker,KaggleRama,8966
2017,10,Sweden,Kaggle Hat,KaggleMart,10105
2017,10,Sweden,Kaggle Hat,KaggleRama,17468
2017,10,Sweden,Kaggle Mug,KaggleMart,7603
2017,10,Sweden,Kaggle Mug,KaggleRama,13055
2017,10,Sweden,Kaggle Sticker,KaggleMart,3657
2017,10,Sweden,Kaggle Sticker,KaggleRama,6385
2017,11,Finland,Kaggle Hat,KaggleMart,9590
2017,11,Finland,Kaggle Hat,KaggleRama,16272
2017,11,Finland,Kaggle Mug,KaggleMart,7002
2017,11,Finland,Kaggle Mug,KaggleRama,12400
2017,11,Finland,Kaggle Sticker,KaggleMart,3178
2017,11,Finland,Kaggle Sticker,KaggleRama,5643
2017,11,Norway,Kaggle Hat,KaggleMart,14921
2017,11,Norway,Kaggle Hat,KaggleRama,26076
2017,11,Norway,Kaggle Mug,KaggleMart,11134
2017,11,Norway,Kaggle Mug,KaggleRama,19140
2017,11,Norway,Kaggle Sticker,KaggleMart,5039
2017,11,Norway,Kaggle Sticker,KaggleRama,8809
2017,11,Sweden,Kaggle Hat,KaggleMart,10866
2017,11,Sweden,Kaggle Hat,KaggleRama,19021
2017,11,Sweden,Kaggle Mug,KaggleMart,8106
2017,11,Sweden,Kaggle Mug,KaggleRama,13823
2017,11,Sweden,Kaggle Sticker,KaggleMart,3747
2017,11,Sweden,Kaggle Sticker,KaggleRama,6392
2017,12,Finland,Kaggle Hat,KaggleMart,13635
2017,12,Finland,Kaggle Hat,KaggleRama,23472
2017,12,Finland,Kaggle Mug,KaggleMart,9067
2017,12,Finland,Kaggle Mug,KaggleRama,15948
2017,12,Finland,Kaggle Sticker,KaggleMart,4041
2017,12,Finland,Kaggle Sticker,KaggleRama,7038
2017,12,Norway,Kaggle Hat,KaggleMart,20565
2017,12,Norway,Kaggle Hat,KaggleRama,36844
2017,12,Norway,Kaggle Mug,KaggleMart,14010
2017,12,Norway,Kaggle Mug,KaggleRama,24785
2017,12,Norway,Kaggle Sticker,KaggleMart,6280
2017,12,Norway,Kaggle Sticker,KaggleRama,10972
2017,12,Sweden,Kaggle Hat,KaggleMart,15322
2017,12,Sweden,Kaggle Hat,KaggleRama,26228
2017,12,Sweden,Kaggle Mug,KaggleMart,10375
2017,12,Sweden,Kaggle Mug,KaggleRama,17917
2017,12,Sweden,Kaggle Sticker,KaggleMart,4572
2017,12,Sweden,Kaggle Sticker,KaggleRama,8097
2018,1,Finland,Kaggle Hat,KaggleMart,13787
2018,1,Finland,Kaggle Hat,KaggleRama,23820
2018,1,Finland,Kaggle Mug,KaggleMart,8355
2018,1,Finland,Kaggle Mug,KaggleRama,14665
2018,1,Finland,Kaggle Sticker,KaggleMart,3780
2018,1,Finland,Kaggle Sticker,KaggleRama,6485
2018,1,Norway,Kaggle Hat,KaggleMart,22121
2018,1,Norway,Kaggle Hat,KaggleRama,38289
2018,1,Norway,Kaggle Mug,KaggleMart,13248
2018,1,Norway,Kaggle Mug,KaggleRama,23117
2018,1,Norway,Kaggle Sticker,KaggleMart,6062
2018,1,Norway,Kaggle Sticker,KaggleRama,10444
2018,1,Sweden,Kaggle Hat,KaggleMart,15253
2018,1,Sweden,Kaggle Hat,KaggleRama,26801
2018,1,Sweden,Kaggle Mug,KaggleMart,9266
2018,1,Sweden,Kaggle Mug,KaggleRama,16365
2018,1,Sweden,Kaggle Sticker,KaggleMart,4252
2018,1,Sweden,Kaggle Sticker,KaggleRama,7252
2018,2,Finland,Kaggle Hat,KaggleMart,12460
2018,2,Finland,Kaggle Hat,KaggleRama,21375
2018,2,Finland,Kaggle Mug,KaggleMart,6654
2018,2,Finland,Kaggle Mug,KaggleRama,11751
2018,2,Finland,Kaggle Sticker,KaggleMart,3060
2018,2,Finland,Kaggle Sticker,KaggleRama,5215
2018,2,Norway,Kaggle Hat,KaggleMart,20236
2018,2,Norway,Kaggle Hat,KaggleRama,35188
2018,2,Norway,Kaggle Mug,KaggleMart,10981
2018,2,Norway,Kaggle Mug,KaggleRama,19502
2018,2,Norway,Kaggle Sticker,KaggleMart,5050
2018,2,Norway,Kaggle Sticker,KaggleRama,8848
2018,2,Sweden,Kaggle Hat,KaggleMart,13479
2018,2,Sweden,Kaggle Hat,KaggleRama,23820
2018,2,Sweden,Kaggle Mug,KaggleMart,7280
2018,2,Sweden,Kaggle Mug,KaggleRama,12640
2018,2,Sweden,Kaggle Sticker,KaggleMart,3355
2018,2,Sweden,Kaggle Sticker,KaggleRama,5890
2018,3,Finland,Kaggle Hat,KaggleMart,14581
2018,3,Finland,Kaggle Hat,KaggleRama,25170
2018,3,Finland,Kaggle Mug,KaggleMart,6849
2018,3,Finland,Kaggle Mug,KaggleRama,12186
2018,3,Finland,Kaggle Sticker,KaggleMart,3431
2018,3,Finland,Kaggle Sticker,KaggleRama,5939
2018,3,Norway,Kaggle Hat,KaggleMart,23964
2018,3,Norway,Kaggle Hat,KaggleRama,41601
2018,3,Norway,Kaggle Mug,KaggleMart,11739
2018,3,Norway,Kaggle Mug,KaggleRama,20311
2018,3,Norway,Kaggle Sticker,KaggleMart,5569
2018,3,Norway,Kaggle Sticker,KaggleRama,9898
2018,3,Sweden,Kaggle Hat,KaggleMart,15986
2018,3,Sweden,Kaggle Hat,KaggleRama,27413
2018,3,Sweden,Kaggle Mug,KaggleMart,7600
2018,3,Sweden,Kaggle Mug,KaggleRama,13261
2018,3,Sweden,Kaggle Sticker,KaggleMart,3750
2018,3,Sweden,Kaggle Sticker,KaggleRama,6506
2018,4,Finland,Kaggle Hat,KaggleMart,15125
2018,4,Finland,Kaggle Hat,KaggleRama,26437
2018,4,Finland,Kaggle Mug,KaggleMart,6817
2018,4,Finland,Kaggle Mug,KaggleRama,11809
2018,4,Finland,Kaggle Sticker,KaggleMart,3555
2018,4,Finland,Kaggle Sticker,KaggleRama,6191
2018,4,Norway,Kaggle Hat,KaggleMart,25423
2018,4,Norway,Kaggle Hat,KaggleRama,44334
2018,4,Norway,Kaggle Mug,KaggleMart,11588
2018,4,Norway,Kaggle Mug,KaggleRama,19860
2018,4,Norway,Kaggle Sticker,KaggleMart,5993
2018,4,Norway,Kaggle Sticker,KaggleRama,10601
2018,4,Sweden,Kaggle Hat,KaggleMart,16518
2018,4,Sweden,Kaggle Hat,KaggleRama,28679
2018,4,Sweden,Kaggle Mug,KaggleMart,7409
2018,4,Sweden,Kaggle Mug,KaggleRama,13064
2018,4,Sweden,Kaggle Sticker,KaggleMart,3887
2018,4,Sweden,Kaggle Sticker,KaggleRama,6682
2018,5,Finland,Kaggle Hat,KaggleMart,14866
2018,5,Finland,Kaggle Hat,KaggleRama,25766
2018,5,Finland,Kaggle Mug,KaggleMart,6585
2018,5,Finland,Kaggle Mug,KaggleRama,11354
2018,5,Finland,Kaggle Sticker,KaggleMart,3717
2018,5,Finland,Kaggle Sticker,KaggleRama,6415
2018,5,Norway,Kaggle Hat,KaggleMart,25539
2018,5,Norway,Kaggle Hat,KaggleRama,45016
2018,5,Norway,Kaggle Mug,KaggleMart,11312
2018,5,Norway,Kaggle Mug,KaggleRama,19583
2018,5,Norway,Kaggle Sticker,KaggleMart,6444
2018,5,Norway,Kaggle Sticker,KaggleRama,11181
2018,5,Sweden,Kaggle Hat,KaggleMart,16085
2018,5,Sweden,Kaggle Hat,KaggleRama,28358
2018,5,Sweden,Kaggle Mug,KaggleMart,7105
2018,5,Sweden,Kaggle Mug,KaggleRama,12183
2018,5,Sweden,Kaggle Sticker,KaggleMart,4017
2018,5,Sweden,Kaggle Sticker,KaggleRama,7094
2018,6,Finland,Kaggle Hat,KaggleMart,12875
2018,6,Finland,Kaggle Hat,KaggleRama,22128
2018,6,Finland,Kaggle Mug,KaggleMart,6028
2018,6,Finland,Kaggle Mug,KaggleRama,10400
2018,6,Finland,Kaggle Sticker,KaggleMart,3541
2018,6,Finland,Kaggle Sticker,KaggleRama,6250
2018,6,Norway,Kaggle Hat,KaggleMart,20257
2018,6,Norway,Kaggle Hat,KaggleRama,35767
2018,6,Norway,Kaggle Mug,KaggleMart,9326
2018,6,Norway,Kaggle Mug,KaggleRama,16313
2018,6,Norway,Kaggle Sticker,KaggleMart,5475
2018,6,Norway,Kaggle Sticker,KaggleRama,9411
2018,6,Sweden,Kaggle Hat,KaggleMart,14522
2018,6,Sweden,Kaggle Hat,KaggleRama,25641
2018,6,Sweden,Kaggle Mug,KaggleMart,6611
2018,6,Sweden,Kaggle Mug,KaggleRama,11421
2018,6,Sweden,Kaggle Sticker,KaggleMart,3924
2018,6,Sweden,Kaggle Sticker,KaggleRama,6856
2018,7,Finland,Kaggle Hat,KaggleMart,11336
2018,7,Finland,Kaggle Hat,KaggleRama,19688
2018,7,Finland,Kaggle Mug,KaggleMart,5744
2018,7,Finland,Kaggle Mug,KaggleRama,10135
2018,7,Finland,Kaggle Sticker,KaggleMart,3378
2018,7,Finland,Kaggle Sticker,KaggleRama,5975
2018,7,Norway,Kaggle Hat,KaggleMart,18488
2018,7,Norway,Kaggle Hat,KaggleRama,32383
2018,7,Norway,Kaggle Mug,KaggleMart,9329
2018,7,Norway,Kaggle Mug,KaggleRama,16476
2018,7,Norway,Kaggle Sticker,KaggleMart,5581
2018,7,Norway,Kaggle Sticker,KaggleRama,9772
2018,7,Sweden,Kaggle Hat,KaggleMart,12235
2018,7,Sweden,Kaggle Hat,KaggleRama,21748
2018,7,Sweden,Kaggle Mug,KaggleMart,6259
2018,7,Sweden,Kaggle Mug,KaggleRama,10960
2018,7,Sweden,Kaggle Sticker,KaggleMart,3753
2018,7,Sweden,Kaggle Sticker,KaggleRama,6457
2018,8,Finland,Kaggle Hat,KaggleMart,10113
2018,8,Finland,Kaggle Hat,KaggleRama,17912
2018,8,Finland,Kaggle Mug,KaggleMart,6111
2018,8,Finland,Kaggle Mug,KaggleRama,10605
2018,8,Finland,Kaggle Sticker,KaggleMart,3446
2018,8,Finland,Kaggle Sticker,KaggleRama,5964
2018,8,Norway,Kaggle Hat,KaggleMart,16851
2018,8,Norway,Kaggle Hat,KaggleRama,29121
2018,8,Norway,Kaggle Mug,KaggleMart,9891
2018,8,Norway,Kaggle Mug,KaggleRama,17394
2018,8,Norway,Kaggle Sticker,KaggleMart,5609
2018,8,Norway,Kaggle Sticker,KaggleRama,9899
2018,8,Sweden,Kaggle Hat,KaggleMart,10886
2018,8,Sweden,Kaggle Hat,KaggleRama,19193
2018,8,Sweden,Kaggle Mug,KaggleMart,6629
2018,8,Sweden,Kaggle Mug,KaggleRama,11574
2018,8,Sweden,Kaggle Sticker,KaggleMart,3769
2018,8,Sweden,Kaggle Sticker,KaggleRama,6337
2018,9,Finland,Kaggle Hat,KaggleMart,9208
2018,9,Finland,Kaggle Hat,KaggleRama,15943
2018,9,Finland,Kaggle Mug,KaggleMart,6390
2018,9,Finland,Kaggle Mug,KaggleRama,11134
2018,9,Finland,Kaggle Sticker,KaggleMart,3337
2018,9,Finland,Kaggle Sticker,KaggleRama,5850
2018,9,Norway,Kaggle Hat,KaggleMart,15324
2018,9,Norway,Kaggle Hat,KaggleRama,26715
2018,9,Norway,Kaggle Mug,KaggleMart,10508
2018,9,Norway,Kaggle Mug,KaggleRama,17956
2018,9,Norway,Kaggle Sticker,KaggleMart,5561
2018,9,Norway,Kaggle Sticker,KaggleRama,9496
2018,9,Sweden,Kaggle Hat,KaggleMart,9961
2018,9,Sweden,Kaggle Hat,KaggleRama,17456
2018,9,Sweden,Kaggle Mug,KaggleMart,7012
2018,9,Sweden,Kaggle Mug,KaggleRama,12087
2018,9,Sweden,Kaggle Sticker,KaggleMart,3649
2018,9,Sweden,Kaggle Sticker,KaggleRama,6403
2018,10,Finland,Kaggle Hat,KaggleMart,9382
2018,10,Finland,Kaggle Hat,KaggleRama,16308
2018,10,Finland,Kaggle Mug,KaggleMart,6881
2018,10,Finland,Kaggle Mug,KaggleRama,12085
2018,10,Finland,Kaggle Sticker,KaggleMart,3414
2018,10,Finland,Kaggle Sticker,KaggleRama,5977
2018,10,Norway,Kaggle Hat,KaggleMart,15395
2018,10,Norway,Kaggle Hat,KaggleRama,26933
2018,10,Norway,Kaggle Mug,KaggleMart,11534
2018,10,Norway,Kaggle Mug,KaggleRama,20193
2018,10,Norway,Kaggle Sticker,KaggleMart,5487
2018,10,Norway,Kaggle Sticker,KaggleRama,9702
2018,10,Sweden,Kaggle Hat,KaggleMart,10123
2018,10,Sweden,Kaggle Hat,KaggleRama,17759
2018,10,Sweden,Kaggle Mug,KaggleMart,7583
2018,10,Sweden,Kaggle Mug,KaggleRama,13134
2018,10,Sweden,Kaggle Sticker,KaggleMart,3665
2018,10,Sweden,Kaggle Sticker,KaggleRama,6534
2018,11,Finland,Kaggle Hat,KaggleMart,9951
2018,11,Finland,Kaggle Hat,KaggleRama,17096
2018,11,Finland,Kaggle Mug,KaggleMart,7337
2018,11,Finland,Kaggle Mug,KaggleRama,12737
2018,11,Finland,Kaggle Sticker,KaggleMart,3291
2018,11,Finland,Kaggle Sticker,KaggleRama,5823
2018,11,Norway,Kaggle Hat,KaggleMart,15993
2018,11,Norway,Kaggle Hat,KaggleRama,27536
2018,11,Norway,Kaggle Mug,KaggleMart,11653
2018,11,Norway,Kaggle Mug,KaggleRama,20307
2018,11,Norway,Kaggle Sticker,KaggleMart,5427
2018,11,Norway,Kaggle Sticker,KaggleRama,9367
2018,11,Sweden,Kaggle Hat,KaggleMart,10815
2018,11,Sweden,Kaggle Hat,KaggleRama,18516
2018,11,Sweden,Kaggle Mug,KaggleMart,7830
2018,11,Sweden,Kaggle Mug,KaggleRama,13942
2018,11,Sweden,Kaggle Sticker,KaggleMart,3666
2018,11,Sweden,Kaggle Sticker,KaggleRama,6300
2018,12,Finland,Kaggle Hat,KaggleMart,14321
2018,12,Finland,Kaggle Hat,KaggleRama,24154
2018,12,Finland,Kaggle Mug,KaggleMart,9667
2018,12,Finland,Kaggle Mug,KaggleRama,16832
2018,12,Finland,Kaggle Sticker,KaggleMart,4178
2018,12,Finland,Kaggle Sticker,KaggleRama,7403
2018,12,Norway,Kaggle Hat,KaggleMart,22078
2018,12,Norway,Kaggle Hat,KaggleRama,38637
2018,12,Norway,Kaggle Mug,KaggleMart,14934
2018,12,Norway,Kaggle Mug,KaggleRama,26234
2018,12,Norway,Kaggle Sticker,KaggleMart,6713
2018,12,Norway,Kaggle Sticker,KaggleRama,11427
2018,12,Sweden,Kaggle Hat,KaggleMart,14918
2018,12,Sweden,Kaggle Hat,KaggleRama,26384
2018,12,Sweden,Kaggle Mug,KaggleMart,10114
2018,12,Sweden,Kaggle Mug,KaggleRama,17895
2018,12,Sweden,Kaggle Sticker,KaggleMart,4572
2018,12,Sweden,Kaggle Sticker,KaggleRama,7852
